{"symptomWeights":{"fever":{"low":0.3,"medium":0.06818181818181818,"high":0.2857142857142857},"cough":{"low":0.3,"medium":0.06818181818181818,"high":0.02857142857142857},"sore throat":{"low":0.25,"medium":0,"high":0.02857142857142857},"runny or stuffy nose":{"low":0.1,"medium":0,"high":0},"muscle aches":{"low":0.15,"medium":0,"high":0.05714285714285714},"headache":{"low":0.15,"medium":0,"high":0.14285714285714285},"fatigue":{"low":0.2,"medium":0.25,"high":0.2},"mucus production":{"low":0.1,"medium":0,"high":0},"shortness of breath":{"low":0.1,"medium":0.1590909090909091,"high":0.11428571428571428},"chest pain":{"low":0.1,"medium":0.06818181818181818,"high":0.14285714285714285},"nausea":{"low":0.1,"medium":0.022727272727272728,"high":0.2571428571428571},"vomiting":{"low":0.1,"medium":0.022727272727272728,"high":0.3142857142857143},"lightheadedness":{"low":0,"medium":0.045454545454545456,"high":0.02857142857142857},"sweating":{"low":0,"medium":0,"high":0.05714285714285714},"sudden weakness":{"low":0,"medium":0,"high":0.05714285714285714},"numbness on one side of the body":{"low":0,"medium":0,"high":0.05714285714285714},"confusion":{"low":0,"medium":0.022727272727272728,"high":0.14285714285714285},"difficulty speaking":{"low":0,"medium":0,"high":0.05714285714285714},"trouble seeing in one eye":{"low":0,"medium":0,"high":0.05714285714285714},"severe headache":{"low":0,"medium":0,"high":0.05714285714285714},"lump":{"low":0,"medium":0.045454545454545456,"high":0},"unexplained weight loss":{"low":0,"medium":0.045454545454545456,"high":0.11428571428571428},"changes in bowel":{"low":0,"medium":0.045454545454545456,"high":0},"bladder habits":{"low":0,"medium":0.045454545454545456,"high":0},"persistent cough":{"low":0,"medium":0.045454545454545456,"high":0},"indigestion":{"low":0,"medium":0.06818181818181818,"high":0.02857142857142857},"unexplained bleeding or discharge":{"low":0,"medium":0.045454545454545456,"high":0},"increased thirst":{"low":0,"medium":0,"high":0.05714285714285714},"frequent urination":{"low":0.05,"medium":0,"high":0.08571428571428572},"blurred vision":{"low":0,"medium":0,"high":0.05714285714285714},"cuts that are slow to heal":{"low":0,"medium":0,"high":0.05714285714285714},"memory loss":{"low":0,"medium":0.022727272727272728,"high":0.08571428571428572},"difficulty thinking":{"low":0,"medium":0.022727272727272728,"high":0.08571428571428572},"changes in personality or behavior":{"low":0,"medium":0.022727272727272728,"high":0.08571428571428572},"pain":{"low":0.05,"medium":0.11363636363636363,"high":0.02857142857142857},"stiffness":{"low":0,"medium":0.06818181818181818,"high":0},"swelling":{"low":0,"medium":0.11363636363636363,"high":0.02857142857142857},"inflammation in the joints":{"low":0,"medium":0.045454545454545456,"high":0},"conjunctivitis":{"low":0.05,"medium":0,"high":0},"rash":{"low":0.15,"medium":0,"high":0.02857142857142857},"pink eye":{"low":0.05,"medium":0,"high":0},"diarrhea":{"low":0.1,"medium":0.09090909090909091,"high":0.05714285714285714},"jaundice":{"low":0,"medium":0,"high":0.02857142857142857},"liver damage":{"low":0,"medium":0,"high":0.05714285714285714},"death":{"low":0,"medium":0,"high":0.02857142857142857},"physical dependence on alcohol":{"low":0,"medium":0,"high":0.02857142857142857},"tolerance to alcohol":{"low":0,"medium":0,"high":0.02857142857142857},"withdrawal symptoms":{"low":0,"medium":0,"high":0.02857142857142857},"impaired judgment":{"low":0,"medium":0,"high":0.02857142857142857},"memory problems":{"low":0,"medium":0,"high":0.02857142857142857},"heart disease":{"low":0,"medium":0,"high":0.02857142857142857},"cancer":{"low":0,"medium":0,"high":0.02857142857142857},"runny nose":{"low":0.1,"medium":0,"high":0.02857142857142857},"sneezing":{"low":0.1,"medium":0,"high":0},"itchy eyes":{"low":0.05,"medium":0,"high":0},"itchy nose":{"low":0.05,"medium":0,"high":0},"throat":{"low":0.05,"medium":0,"high":0},"palate":{"low":0.05,"medium":0,"high":0},"pale skin":{"low":0,"medium":0.045454545454545456,"high":0},"dizziness":{"low":0,"medium":0.045454545454545456,"high":0.02857142857142857},"excessive worry":{"low":0,"medium":0.022727272727272728,"high":0},"fear":{"low":0,"medium":0.022727272727272728,"high":0},"anxiety that interfere with daily life":{"low":0,"medium":0.022727272727272728,"high":0},"pain in the lower right abdomen":{"low":0,"medium":0,"high":0.05714285714285714},"difficulty with social interaction":{"low":0,"medium":0.022727272727272728,"high":0},"repetitive behaviors":{"low":0,"medium":0.022727272727272728,"high":0},"restricted interests":{"low":0,"medium":0.022727272727272728,"high":0},"wheezing":{"low":0,"medium":0.022727272727272728,"high":0},"coughing":{"low":0,"medium":0.022727272727272728,"high":0},"chest tightness":{"low":0,"medium":0.022727272727272728,"high":0},"stiff neck":{"low":0,"medium":0,"high":0.08571428571428572},"sensitivity to light":{"low":0,"medium":0,"high":0.08571428571428572},"extreme mood swings":{"low":0,"medium":0.045454545454545456,"high":0},"from manito depression":{"low":0,"medium":0.045454545454545456,"high":0},"blood in the urine":{"low":0.05,"medium":0,"high":0.08571428571428572},"pain or burning when urinating":{"low":0,"medium":0,"high":0.02857142857142857},"urgency to urinate":{"low":0.05,"medium":0,"high":0.02857142857142857},"incontinence":{"low":0,"medium":0,"high":0.02857142857142857},"redness":{"low":0.05,"medium":0,"high":0.02857142857142857},"warmth":{"low":0,"medium":0,"high":0.02857142857142857},"tenderness in the affected area":{"low":0,"medium":0,"high":0.02857142857142857},"difficulty breathing":{"low":0,"medium":0,"high":0.02857142857142857},"coughing up blood":{"low":0,"medium":0,"high":0.02857142857142857},"inflammation in bursa":{"low":0,"medium":0.022727272727272728,"high":0},"which is small sac of fluid that cushions joints":{"low":0,"medium":0.022727272727272728,"high":0},"abnormal pap test results":{"low":0,"medium":0,"high":0.05714285714285714},"abnormal vaginal bleeding":{"low":0,"medium":0,"high":0.05714285714285714},"pain during sex":{"low":0,"medium":0,"high":0.05714285714285714},"chronic bronchitis":{"low":0,"medium":0.022727272727272728,"high":0},"emphysema":{"low":0,"medium":0.022727272727272728,"high":0},"high levels of cholesterol in the blood":{"low":0,"medium":0.022727272727272728,"high":0},"congestion":{"low":0.05,"medium":0,"high":0},"red":{"low":0.05,"medium":0.022727272727272728,"high":0},"itchy":{"low":0.05,"medium":0.022727272727272728,"high":0},"watery eyes":{"low":0.05,"medium":0,"high":0},"sadness":{"low":0,"medium":0.022727272727272728,"high":0},"hopelessness":{"low":0,"medium":0.022727272727272728,"high":0},"loss of interest in activities":{"low":0,"medium":0.022727272727272728,"high":0},"changes in appetite":{"low":0,"medium":0.022727272727272728,"high":0},"sleep":{"low":0,"medium":0.022727272727272728,"high":0},"energy levels":{"low":0,"medium":0.022727272727272728,"high":0},"loose":{"low":0.05,"medium":0,"high":0},"watery stools":{"low":0.05,"medium":0,"high":0},"disturbance in eating behavior that can lead to serious health problems":{"low":0,"medium":0.022727272727272728,"high":0},"seizures":{"low":0,"medium":0.045454545454545456,"high":0},"elevated body temperature":{"low":0.05,"medium":0,"high":0},"abdominal cramps":{"low":0.1,"medium":0,"high":0},"pain in the upper right abdomen":{"low":0,"medium":0,"high":0.02857142857142857},"sexually transmitted infection that can cause burning during urination":{"low":0,"medium":0,"high":0.02857142857142857},"discharge from the penis or vagina":{"low":0,"medium":0,"high":0.02857142857142857},"pain in the lower abdomen":{"low":0,"medium":0,"high":0.02857142857142857},"fainting":{"low":0,"medium":0,"high":0.02857142857142857},"inflammation of the liver":{"low":0,"medium":0.022727272727272728,"high":0},"sexually transmitted infection that can cause blisters on the genitals":{"low":0,"medium":0,"high":0.02857142857142857},"mouth":{"low":0,"medium":0,"high":0.02857142857142857},"other parts of the body":{"low":0,"medium":0,"high":0.02857142857142857},"abdominal pain":{"low":0,"medium":0.09090909090909091,"high":0.02857142857142857},"bloating":{"low":0,"medium":0.045454545454545456,"high":0},"constipation":{"low":0,"medium":0.022727272727272728,"high":0.02857142857142857},"pain in the lower back or side":{"low":0,"medium":0,"high":0.02857142857142857},"cough that does not go away":{"low":0,"medium":0,"high":0.05714285714285714},"blood in the sputum":{"low":0,"medium":0,"high":0.02857142857142857},"chills":{"low":0,"medium":0,"high":0.02857142857142857},"red eyes":{"low":0,"medium":0,"high":0.02857142857142857},"swollen lymph nodes":{"low":0.05,"medium":0,"high":0},"tingling at the bite site":{"low":0,"medium":0,"high":0.02857142857142857},"difficulty swallowing":{"low":0,"medium":0,"high":0.02857142857142857},"hydrophobia":{"low":0,"medium":0,"high":0.02857142857142857},"aerophobia":{"low":0,"medium":0,"high":0.02857142857142857},"painful rash that follows nerve path":{"low":0.05,"medium":0,"high":0},"night sweats":{"low":0,"medium":0,"high":0.02857142857142857},"weight loss":{"low":0,"medium":0.06818181818181818,"high":0.08571428571428572},"painful urination":{"low":0.05,"medium":0,"high":0},"burning":{"low":0.1,"medium":0,"high":0},"swollen":{"low":0,"medium":0.022727272727272728,"high":0},"twisted veins":{"low":0,"medium":0.022727272727272728,"high":0},"usually in the legs":{"low":0,"medium":0.022727272727272728,"high":0},"raised":{"low":0.1,"medium":0,"high":0},"rough growths on the skin":{"low":0.1,"medium":0,"high":0},"itching":{"low":0.05,"medium":0,"high":0},"discharge from the vaginor penis":{"low":0.05,"medium":0,"high":0},"inflammation in the eye":{"low":0.05,"medium":0,"high":0},"decreased kidney function":{"low":0,"medium":0.022727272727272728,"high":0},"bulge in the wall of the aorta":{"low":0,"medium":0,"high":0.02857142857142857},"the largest artery in the body":{"low":0,"medium":0,"high":0.02857142857142857},"change in bowel habits":{"low":0,"medium":0,"high":0.02857142857142857},"such as diarrhea":{"low":0,"medium":0,"high":0.02857142857142857},"narrowing of the stool":{"low":0,"medium":0,"high":0.02857142857142857},"blood in the stool":{"low":0,"medium":0,"high":0.02857142857142857},"difficulty getting":{"low":0,"medium":0.022727272727272728,"high":0},"keeping an erection":{"low":0,"medium":0.022727272727272728,"high":0},"widespread pain":{"low":0,"medium":0.045454545454545456,"high":0},"tenderness":{"low":0,"medium":0.045454545454545456,"high":0},"increased pressure in the eye that can damage the optic nerve":{"low":0,"medium":0.022727272727272728,"high":0},"lead to vision loss":{"low":0,"medium":0.022727272727272728,"high":0},"condition in which the heart cannot pump blood as well as it should":{"low":0,"medium":0,"high":0.02857142857142857},"damage to the kidneys that can lead to kidney failure":{"low":0,"medium":0.022727272727272728,"high":0},"condition that affects the lungs":{"low":0,"medium":0.022727272727272728,"high":0},"can make it difficult to breathe":{"low":0,"medium":0.022727272727272728,"high":0},"tremors":{"low":0,"medium":0.022727272727272728,"high":0},"slow movement":{"low":0,"medium":0.022727272727272728,"high":0},"difficulty with balance":{"low":0,"medium":0.022727272727272728,"high":0},"coordination":{"low":0,"medium":0.022727272727272728,"high":0},"pain in the upper abdomen":{"low":0,"medium":0.022727272727272728,"high":0.02857142857142857},"numbness":{"low":0,"medium":0.022727272727272728,"high":0},"tingling in the arms or legs":{"low":0,"medium":0.022727272727272728,"high":0},"difficulty urinating":{"low":0,"medium":0,"high":0.02857142857142857},"pain in the back or hips":{"low":0,"medium":0,"high":0.02857142857142857},"erectile dysfunction":{"low":0,"medium":0,"high":0.02857142857142857},"stiffness in the joints":{"low":0,"medium":0.022727272727272728,"high":0},"lump in the neck":{"low":0,"medium":0,"high":0.02857142857142857},"hoarseness":{"low":0,"medium":0,"high":0.02857142857142857},"unexplained heat intolerance":{"low":0,"medium":0,"high":0.02857142857142857},"sensitivity to cold":{"low":0,"medium":0,"high":0.02857142857142857},"bloody stool":{"low":0,"medium":0.045454545454545456,"high":0},"inflamed skin":{"low":0,"medium":0.022727272727272728,"high":0},"high blood pressure":{"low":0,"medium":0.022727272727272728,"high":0},"changes in urination":{"low":0,"medium":0.022727272727272728,"high":0},"hyperthyroidism":{"low":0,"medium":0.022727272727272728,"high":0},"which is an overactive thyroid":{"low":0,"medium":0.022727272727272728,"high":0},"hypothyroidism":{"low":0,"medium":0.022727272727272728,"high":0},"which is an underactive thyroid":{"low":0,"medium":0.022727272727272728,"high":0},"chronic autoimmune disease that can affect any part of the body":{"low":0,"medium":0.022727272727272728,"high":0}},"trained":true}